Classifier,Accuracy,Precision,Recall,F1-Score
SVM,0.9671052631578947,0.9782608695652174,0.967741935483871,0.972972972972973
RandomForest,0.9144736842105263,0.9081632653061225,0.956989247311828,0.9319371727748691
DecisionTree,0.8355263157894737,0.8777777777777778,0.8494623655913979,0.8633879781420765
XGBoost,0.9276315789473685,0.9183673469387755,0.967741935483871,0.9424083769633508
