Classifier,Accuracy,Precision,Recall,F1-Score
SVM,0.896551724137931,0.905511811023622,0.9274193548387096,0.9163346613545816
RandomForest,0.8916256157635468,0.8863636363636364,0.9435483870967742,0.9140625
DecisionTree,0.8177339901477833,0.8320610687022901,0.8790322580645161,0.8549019607843137
XGBoost,0.9113300492610837,0.9015151515151515,0.9596774193548387,0.9296875
